Регион;regionCode;Анализ отзывов;Со сглаживанием;Комплексный рейтинг (население);АИС МФЦ
Херсонская область;RU-HR;3,1;3.62;2.71;нет данных
Запорожская область;RU-ZP;3,87;3.93;2.87;нет данных
Республика Тыва;RU-TY;3,79;3.94;3.8;Диджит
Республика Крым;RU-CR;3,77;3.97;4.61;Эволента
Костромская область;RU-KOS;3,91;3.99;3.79;Интегрикс
Еврейская автономная область;RU-YEV;3,73;3.99;4.34;АС АСП
Республика Бурятия;RU-BU;3,81;4.02;4.14;Диджит
Астраханская область;RU-AST;3,8;4.03;4.42;Эволента
Магаданская область;RU-MAG;3,95;4.04;4.75;Этлас
Донецкая Народная Республика;RU-DON;3,95;4.05;3.76;Эволента
Донецкая Народная Республика;RU-DON;4,08;4.05;3.76;Эволента
Луганская Народная Республика;RU-LUG;4,07;4.06;3.6;Комэкс
Карачаево-Черкесская Республика;RU-KC;4,01;4.06;4.29;АИС Логистика
Белгородская область;RU-BEL;3,91;4.06;4.58;Интегрикс
Пензенская область;RU-PNZ;3,93;4.07;4.56;Самописная
Хабаровский край;RU-KHA;4,0;4.07;4.52;Комэкс
Республика Алтай;RU-AL;3,96;4.07;4.25;АИС Логистика
Республика Марий Эл;RU-ME;3,93;4.08;4.6;Комэкс
Омская область;RU-OMS;3,93;4.08;4.44;Диджит
Республика Башкортостан;RU-BA;3,9;4.08;4.56;Центр информационных технологий
Чукотский автономный округ;RU-CHU;4,05;4.09;4.1;Феникс
Воронежская область;RU-VOR;3,96;4.09;4.57;БФТ
Рязанская область;RU-RYA;3,96;4.09;4.63;ЭОС
Пермский край;RU-PER;3,94;4.09;4.78;Самописная
Чеченская Республика;RU-CE;4,04;4.1;4.13;нет данных
Брянская область;RU-BRY;3,96;4.1;4.36;ЭОС
Кабардино-Балкарская Республика;RU-KB;4,01;4.1;4.41;АИС Логистика
Ивановская область;RU-IVA;3,97;4.11;4.47;Эволента
Орловская область;RU-ORL;4,02;4.12;4.54;ЭОС
Волгоградская область;RU-VGG;4,02;4.12;4.62;Самописная
Челябинская область;RU-CHE;4,02;4.12;4.57;Эволента
Краснодарский край;RU-KDA;4,05;4.12;4.73;Комэкс
Оренбургская область;RU-ORE;4,02;4.12;4.6;Эволента
Красноярский край;RU-KYA;4,01;4.12;4.52;Эволента
Тамбовская область;RU-TAM;3,97;4.12;4.57;Интегрикс
Республика Коми;RU-KO;4,06;4.13;4.46;Диджит
Вологодская область;RU-VLG;4,05;4.13;4.58;Комэкс
Смоленская область;RU-SMO;3,97;4.13;4.57;Диджит
Республика Адыгея;RU-AD;4,09;4.14;4.6;Комэкс
Кировская область;RU-KIR;4,09;4.14;4.55;Комэкс
Новгородская область;RU-NGR;4,06;4.15;4.65;Эволента
Кемеровская область;RU-KEM;4,05;4.15;4.61;Диджит
Алтайский край;RU-ALT;4,06;4.15;4.47;Комэкс
Иркутская область;RU-IRK;4,08;4.15;4.67;нет данных
Республика Ингушетия;RU-IN;4,03;4.16;3.99;Комэкс
Самарская область;RU-SAM;4,03;4.16;4.61;Эволента
Забайкальский край;RU-ZAB;4,15;4.16;4.3;Эволента
Ненецкий автономный округ;RU-NEN;4,11;4.16;4.86;Эволента
Амурская область;RU-AMU;4,08;4.17;4.49;БФТ
Архангельская область;RU-ARK;4,09;4.17;4.41;нет данных
Республика Карелия;RU-KR;4,11;4.17;4.6;ЭОС
Ростовская область;RU-ROS;4,14;4.19;4.82;Комэкс
Ростовская область;RU-ROS;4,45;4.19;4.82;Комэкс
Новосибирская область;RU-NVS;4,17;4.21;4.66;Диджит
Тверская область;RU-TVE;4,15;4.21;4.53;Эволента
Республика Мордовия;RU-MO;4,18;4.21;4.32;Эволента
Нижегородская область;RU-NIZ;4,13;4.21;4.44;Эволента
Ставропольский край;RU-STA;4,18;4.22;4.63;Комэкс
Республика Хакасия;RU-KK;4,15;4.22;4.56;Комэкс
Удмуртская Республика;RU-UD;4,19;4.22;4.49;Диджит
Камчатский край;RU-KAM;4,19;4.23;4.84;Феникс
Республика Татарстан;RU-TA;4,15;4.23;4.74;Эволента
Ленинградская область;RU-LEN;4,2;4.25;5.0;Эволента
Псковская область;RU-PSK;4,23;4.25;4.47;Диджит
Томская область;RU-TOM;4,23;4.26;4.8;Диджит
Свердловская область;RU-SVE;4,25;4.27;4.47;Эволента
Республика Саха (Якутия);RU-SA;4,26;4.28;4.65;Диджит
Республика Дагестан;RU-DA;4,3;4.28;4.39;АИС Логистика
Приморский край;RU-PRI;4,29;4.29;4.76;Феникс
Республика Северная Осетия — Алания;RU-SE;4,26;4.3;4.49;АИС Логистика
Ямало-Ненецкий автономный округ;RU-YAN;4,15;4.3;4.93;Феникс
Республика Калмыкия;RU-KL;4,33;4.3;4.4;Комэкс
Курганская область;RU-KGN;4,29;4.31;4.63;Комэкс
Ярославская область;RU-YAR;4,29;4.31;4.57;Эволента
Сахалинская область;RU-SAK;4,35;4.34;4.54;Комэкс
Ульяновская область;RU-ULY;4,35;4.34;4.51;ЭОС
Калужская область;RU-KLU;4,35;4.36;4.89;Комэкс
Тульская область;RU-TUL;4,36;4.36;4.99;ЭОС
Курская область;RU-KRS;4,41;4.38;4.66;Комэкс
Ханты-Мансийский автономный округ — Югра;RU-KHM;4,43;4.38;4.88;нет данных
Тюменская область;RU-TYU;4,41;4.41;4.96;Самописная
Липецкая область;RU-LIP;4,31;4.42;5.0;БФТ
Московская область;RU-MOS;4,42;4.43;4.83;нет данных
Чувашская Республика;RU-CU;4,48;4.44;4.76;нет данных
Калининградская область;RU-KGD;4,41;4.44;4.9;ЭОС
Мурманская область;RU-MUR;4,46;4.45;4.87;ЭОС
Владимирская область;RU-VLA;4,52;4.5;4.53;БФТ
Саратовская область;RU-SAR;4,58;4.53;4.67;Диджит
Севастополь;RU-SEV;4,61;4.6;4.7;SMART-CENTER
Санкт-Петербург;RU-SPE;4,74;4.78;5.0;нет данных
Москва;RU-MOW;4,77;4.81;4.99;нет данных
